manufacturer,name
Access,Access Virus A
Access,Access Virus B
Access,Access Virus C
Access,Access Virus TDM
Access,Access Virus TI
Access,Access Virus TI Polar
Access,Access Virus TI Snow
Akai,Akai AX60
Akai,Akai AX73
Akai,Akai AX80
Akai,Akai MINIAK
Akai,Akai MPC1000
Akai,Akai MPC2000
Akai,Akai MPC3000
Akai,Akai MPC60
Akai,Akai Rhythm Wolf
Akai,Akai S01
Akai,Akai S1000
Akai,Akai S20
Akai,Akai S2000
Akai,Akai S3000
Akai,Akai S5000
Akai,Akai S612
Akai,Akai S700
Akai,Akai S900
Akai,Akai Timbre Wolf
Akai,Akai Tom Cat
Akai,Akai VX600
Akai,Akai VX90
Akai,Akai X3700
Akai,Akai X7000
Akai,Akai XR10
Akai,Akai XR20
Alesis,Alesis Andromeda A6
Alesis,Alesis D4
Alesis,Alesis Fusion
Alesis,Alesis HR-16
Alesis,Alesis Ion
Alesis,Alesis Micron
Alesis,Alesis NanoBass
Alesis,Alesis NanoPiano
Alesis,Alesis NanoSynth
Alesis,Alesis QS6
Alesis,Alesis QS6.1
Alesis,Alesis QS7
Alesis,Alesis QS7.1
Alesis,Alesis QS8
Alesis,Alesis QS8.1
Alesis,Alesis QSR
Alesis,Alesis QuadraSynth
Alesis,Alesis S4
Alesis,Alesis SR-16
Analogue Systems,Analogue Systems RS-Integrator
Applied Acoustics,Applied Acoustics Lounge Lizard
Applied Acoustics,Applied Acoustics Tassman
Applied Acoustics,Applied Acoustics Tassman 4
ARP,ARP Odyssey 1
ARP,ARP Omni Mk 1
ARP,ARP Quadra
ARP,ARP Quartet
ARP,ARP Solina String Ensemble
ARP,ARP Solina String Synthesizer
Arturia,Arturia ARP 2600V
Arturia,Arturia CS-80V
Arturia,Arturia Jupiter-8V
Arturia,Arturia Minimoog V
Arturia,Arturia Moog Modular V
Arturia,Arturia Prophet-V
BitHeadz,BitHeadz Retro AS-1
BitHeadz,BitHeadz Unity DS-1
BOSS,BOSS DR-110 Dr. Rhythm
BOSS,BOSS DR-202 Dr. Groove
BOSS,BOSS DR-220 Dr. Rhythm
BOSS,BOSS DR-55 Dr. Rhythm
BOSS,BOSS SP-202 Dr. Sample
BOSS,BOSS SP-303 Dr. Sample
BOSS,BOSS SP-505
Buchla,Buchla 200e Series
Buchla,Buchla 400 Series
Buchla,Buchla 700 Series
Buchla,Buchla Touché
Casio,Casio CT-101
Casio,Casio CT-401
Casio,Casio CZ-1
Casio,Casio CZ-1000
Casio,Casio CZ-101
Casio,Casio CZ-230S
Casio,Casio CZ-3000
Casio,Casio CZ-5000
Casio,Casio FZ-1
Casio,Casio FZ20M
Casio,Casio HT-3000
Casio,Casio HZ-600
Casio,Casio MT-40
Casio,Casio RZ-1
Casio,Casio SK-1
Casio,Casio VZ-1
Casio,Casio VZ-8M
Casio,Casio XW-G1
Casio,Casio XW-P1 performance synthesizer
Cheetah,Cheetah MD-16
Cheetah,Cheetah MS-6
Cheetah,Cheetah MS800
Clavia,Clavia Nord Lead 2 Rack
Clavia,Clavia Nord Lead 3
Clavia,Clavia Nord Micro Modular
Clavia,Clavia Nord Modular
Clavia,Clavia Nord Rack
Clavia,Clavia Nord Stage 2
Clavia,Clavia Nord Wave
Con Brio,Con Brio ADS 200
Creamware,Creamware  Noah Tactive Instrument Modeller
Creamware,Creamware Minimax ASB
Creamware,Creamware Pulsar
Crumar,Crumar Bit 01
Crumar,Crumar Bit 99
Crumar,Crumar Bit One
Crumar,Crumar DS-2
Crumar,Crumar Multiman-S
Crumar,Crumar Performer
Crumar,Crumar Stratus
Crumar,Crumar Trilogy Orchestral Synthesizer
Dave Smith Instruments,Dave Smith Instruments OB-6
Dave Smith Instruments,Dave Smith Instruments Poly Evolver
Dave Smith Instruments,Dave Smith Instruments Poly Evolver Rack
Dave Smith Instruments,Dave Smith Instruments Prophet '08
Dave Smith Instruments,Dave Smith Instruments Tempest
Dave Smith Instruments,Dave Smith Instruments Tetra
Digital Keyboards,Digital Keyboards Synergy
Doepfer,Doepfer A-100
E-mu,E-mu Audity
E-mu,E-mu Audity 2000
E-mu,E-mu B-3
E-mu,E-mu Carnaval
E-mu,E-mu Drumulator
E-mu,E-mu Emax
E-mu,E-mu Emulator
E-mu,E-mu Emulator II
E-mu,E-mu Emulator III
E-mu,E-mu Emulator IV
E-mu,E-mu ESI-2000
E-mu,E-mu ESI-32
E-mu,E-mu ESI-4000
E-mu,E-mu MK-6 Mo'Phatt Keys
E-mu,E-mu Mo'Phatt
E-mu,E-mu Morpheus
E-mu,E-mu MP-7 Command Station
E-mu,E-mu Orbit 9090
E-mu,E-mu Orbit-3
E-mu,E-mu PK-6 Proteus Keys
E-mu,E-mu Planet Earth
E-mu,E-mu Planet Phatt
E-mu,E-mu Procussion
E-mu,E-mu Proteus
E-mu,E-mu Proteus 1000
E-mu,E-mu Proteus 2000
E-mu,E-mu Proteus 2500
E-mu,E-mu SP-12
E-mu,E-mu SP-1200
E-mu,E-mu Vintage Keys
E-mu,E-mu Vintage Pro
E-mu,E-mu Virtuoso 2000
E-mu,E-mu XK-6 Xtreme Keys
E-mu,E-mu XL-7 Command Station
E-mu,E-mu Xtreme Lead-1
Electrix Pro,Electrix Pro Repeater
Electronic Music Studios (EMS),Electronic Music Studios (EMS) Polysynthi
Elektron,Elektron Analog Rytm
Elektron,Elektron Analog Rytm MKII
Elektron,Elektron Elektron Octatrack
Elektron,Elektron Machinedrum SPS-1
Elektron,Elektron Monomachine SFX-6
Elektron,Elektron SidStation
Elka,Elka Drumstar-80
Elka,Elka EK-22
Elka,Elka EM-44
Elka,Elka Synthex
EML,EML ElectroComp 100
EML,EML ElectroComp 101
EML,EML Poly-Box
Ensoniq,Ensoniq ASR-10
Ensoniq,Ensoniq ASR-X
Ensoniq,Ensoniq ASR-X Pro
Ensoniq,Ensoniq EPS
Ensoniq,Ensoniq EPS-16+
Ensoniq,Ensoniq ESQ-1
Ensoniq,Ensoniq Fizmo
Ensoniq,Ensoniq Halo
Ensoniq,Ensoniq KT-88
Ensoniq,Ensoniq Mirage
Ensoniq,Ensoniq MR-61
Ensoniq,Ensoniq SD-1
Ensoniq,Ensoniq SQ-80
Ensoniq,Ensoniq Sq-R
Ensoniq,Ensoniq TS-10 / TS-12
Ensoniq,Ensoniq VFX
Ensoniq,Ensoniq ZR-76
Fairlight,Fairlight CMI (Series I - III)
Farfisa,Farfisa Polychrome
Farfisa,Farfisa Soundmaker
Formanta,Formanta Polivoks
Generalmusic (GEM),Generalmusic (GEM) S2
GForce Software,GForce Software impOSCar
GForce Software,GForce Software M-Tron
GForce Software,GForce Software Oddity
Gleeman,Gleeman Pentaphonic
Gotharman's,Gotharman's Little deFormer 2
Hartmann,Hartmann Neuron
Horst,Horst MWT-01 Midi Wave Theremin
Hypersynth,Hypersynth Hypersynth Xenophone
IK Multimedia,IK Multimedia SampleTank 2
IK Multimedia,IK Multimedia Sonik Synth 2
Image Line,Image Line FL Studio
Image Line,Image Line SimSynth
JoMoX,JoMoX AirBase 99
JoMoX,JoMoX Resonator Neuronium
JoMoX,JoMoX SunSyn
JoMoX,JoMoX XBase 09
JoMoX,JoMoX Xbase 999
Kawai,Kawai K11
Kawai,Kawai K1iir
Kawai,Kawai K1m
Kawai,Kawai K3
Kawai,Kawai K4r
Kawai,Kawai K5000
Kawai,Kawai K5m
Kawai,Kawai KC20
Kawai,Kawai R-100
Kawai,Kawai SX-210
Kawai,Kawai SX-240
Kawai,Kawai XD-5
Korg,Korg 01/W
Korg,Korg 707
Korg,Korg 900PS Preset Synthesizer
Korg,Korg DDD-1
Korg,Korg DDD-5
Korg,Korg DDM-110
Korg,Korg Delta
Korg,Korg DS-8
Korg,Korg DSS-1
Korg,Korg DVP-1
Korg,Korg DW-6000
Korg,Korg DW-8000
Korg,Korg ElecTribe A (EA-1)
Korg,Korg ElecTribe M (EM-1)
Korg,Korg ElecTribe MX (EMX-1)
Korg,Korg ElecTribe R (ER-1)
Korg,Korg ElecTribe S (ES-1)
Korg,Korg ElecTribe SX (ESX-1)
Korg,Korg KAOSS Pad (KP1)
Korg,Korg KARMA
Korg,Korg KingKORG
Korg,Korg KPR-77
Korg,Korg Lambda ES50
Korg,Korg Legacy Collection
Korg,Korg M1
Korg,Korg M3
Korg,Korg M50
Korg,Korg Maxi-Korg 800DV
Korg,Korg Micro-X
Korg,Korg microKorg
Korg,Korg MicroKorg XL
Korg,Korg MicroStation
Korg,Korg Minilogue
Korg,Korg Minipops 120
Korg,Korg MiniPops 35 (MP-35)
Korg,Korg Mono/Poly
Korg,Korg MS2000
Korg,Korg N364
Korg,Korg Poly-61
Korg,Korg Poly-800
Korg,Korg Polyphonic Ensemble P
Korg,Korg Polyphonic Ensemble S
Korg,Korg PolySix
Korg,Korg Prophecy
Korg,Korg PS-3100
Korg,Korg PS-3200
Korg,Korg PS-3300
Korg,Korg R3
Korg,Korg Radias
Korg,Korg Rhythm 55 (KR-55)
Korg,Korg RK-100S
Korg,Korg S3
Korg,Korg SM-20
Korg,Korg Symphony-03
Korg,Korg T3
Korg,Korg TR-88
Korg,Korg Trident
Korg,Korg Trinity
Korg,Korg Triton
Korg,Korg VC-10 Vocoder
Korg,Korg Volca Beats
Korg,Korg Volca Keys
Korg,Korg Wavestation
Korg,Korg Wavestation A/D
Korg,Korg Wavestation SR
Korg,Korg X3
Korg,Korg X50
Korg,Korg X5D
Korg,Korg Z1
Kurzweil,Kurzweil K1000
Kurzweil,Kurzweil K150
Kurzweil,Kurzweil K2000
Kurzweil,Kurzweil K250
Kurzweil,Kurzweil K2500
Kurzweil,Kurzweil K2600
Kurzweil,Kurzweil PC2R
Kurzweil,Kurzweil PC88MX
Lennar Digital,Lennar Digital Sylenth1
Linn Electronics,Linn Electronics Linn 9000
Linn Electronics,Linn Electronics LinnDrum
Linn Electronics,Linn Electronics LM-1 Drum Computer
Logan / Hohner,Logan / Hohner String Melody II
MAM,MAM ADX1
Manikin-Electronic,Manikin-Electronic Memotron M2K
Marion Systems,Marion Systems MSR-2
Modal Electronics,Modal Electronics Modal 001
Moog,Moog Memorymoog
Moog,Moog Opus-3
Moog,Moog Polymoog 203a
Moog,Moog Sonic Six
Movement MCS,Movement MCS Drum Computer MK1
Mutable Instruments,Mutable Instruments Ambika
Mutronics,Mutronics MIDI Mutator
Native Instruments,Native Instruments Absynth
Native Instruments,Native Instruments B4
Native Instruments,Native Instruments Battery
Native Instruments,Native Instruments Battery 2
Native Instruments,Native Instruments Dynamo
Native Instruments,Native Instruments Elektrik Piano
Native Instruments,Native Instruments FM7
Native Instruments,Native Instruments FM8
Native Instruments,Native Instruments Intakt
Native Instruments,Native Instruments Kompakt
Native Instruments,Native Instruments Kontakt
Native Instruments,Native Instruments Massive
Native Instruments,Native Instruments Pro-52
Native Instruments,Native Instruments Pro-53
Native Instruments,Native Instruments Pro-Five
Native Instruments,Native Instruments Reaktor
Native Instruments,Native Instruments Vokator
New England Digital,New England Digital Synclavier
Novation,Novation A-Station
Novation,Novation Circuit
Novation,Novation D-Station
Novation,Novation Drum Station
Novation,Novation Drum Station v2
Novation,Novation K-Station
Novation,Novation KS4
Novation,Novation Nova
Novation,Novation Peak
Novation,Novation SuperNova
Novation,Novation Ultranova
Novation,Novation X-station
Novation,Novation XioSynth
Oberheim,Oberheim DMX
Oberheim,Oberheim DPX1
Oberheim,Oberheim DX
Oberheim,Oberheim Eight Voice
Oberheim,Oberheim Four Voice
Oberheim,Oberheim Matrix 1000
Oberheim,Oberheim Matrix 12
Oberheim,Oberheim Matrix 6R
Oberheim,Oberheim OB-12
Oberheim,Oberheim OB-8
Oberheim,Oberheim OB-Mx
Oberheim,Oberheim OB-SX
Oberheim,Oberheim OB-X
Oberheim,Oberheim OB-Xa
Oberheim,Oberheim Two Voice
Oberheim,Oberheim Two Voice Pro
Oberheim,Oberheim Xpander
Octave,Octave The Cat
Octave Plateau,Octave Plateau CATSTICK
Octave Plateau,Octave Plateau Voyetra 8
PAiA,PAiA Stringz &rsquo;n&rsquo; Thingz
Peavey,Peavey DPM SP Sample Playback Synthesizer
Philips,Philips PMC 100
Powertran,Powertran Transendent DPX
PPG,PPG Realizer
PPG,PPG Wave 2
Propellerhead Software,Propellerhead Software Reason
Propellerhead Software,Propellerhead Software ReBirth RB-338
Prosoniq,Prosoniq Orange Vocoder
Quasimidi,Quasimidi PolyMorph
Quasimidi,Quasimidi Quasar
Quasimidi,Quasimidi Rave-O-Lution 309
Quasimidi,Quasimidi Raven
Quasimidi,Quasimidi Sirius
Quasimidi,Quasimidi Technox
Radikal Technologies,Radikal Technologies Accelerator
Red Sound Systems,Red Sound Systems DarkStar
Red Sound Systems,Red Sound Systems Elevata
Rhodes,Rhodes Chroma
Rhodes,Rhodes Chroma Polaris
Roland,Roland Alpha Juno 2
Roland,Roland Alpha Juno-1
Roland,Roland CMU-800
Roland,Roland CR-68
Roland,Roland CR-78
Roland,Roland CR-8000
Roland,Roland D-110
Roland,Roland D-20
Roland,Roland D-50
Roland,Roland D-70
Roland,Roland D2
Roland,Roland DJ-70
Roland,Roland EG-101
Roland,Roland EM-101
Roland,Roland Fantom-S
Roland,Roland Fantom-X
Roland,Roland Gaia SH-01
Roland,Roland GR-300
Roland,Roland GR-700
Roland,Roland HS-60
Roland,Roland JD-800
Roland,Roland JD-990
Roland,Roland JP-8000
Roland,Roland JP-8080
Roland,Roland Juno-106
Roland,Roland Juno-6
Roland,Roland Juno-60
Roland,Roland Juno-D
Roland,Roland Juno-Di
Roland,Roland Juno-DS61
Roland,Roland Juno-G
Roland,Roland Juno-Stage
Roland,Roland Jupiter-4
Roland,Roland Jupiter-6
Roland,Roland Jupiter-8
Roland,Roland Jupiter-80
Roland,Roland Jupiter-XM
Roland,Roland JV-1000
Roland,Roland JV-1010
Roland,Roland JV-1080
Roland,Roland JV-2080
Roland,Roland JV-30
Roland,Roland JV-80
Roland,Roland JV-880
Roland,Roland JV-90
Roland,Roland JW-50
Roland,Roland JX-1
Roland,Roland JX-10
Roland,Roland JX-305
Roland,Roland JX-3P
Roland,Roland JX-8P
Roland,Roland MC-09
Roland,Roland MC-303
Roland,Roland MC-307
Roland,Roland MC-505
Roland,Roland MC-808
Roland,Roland MC-909
Roland,Roland MKS-10
Roland,Roland MKS-30
Roland,Roland MKS-50
Roland,Roland MKS-7
Roland,Roland MKS-70
Roland,Roland MKS-80
Roland,Roland MT-32
Roland,Roland R-70
Roland,Roland R-8
Roland,Roland Rhythm 330
Roland,Roland RS-09
Roland,Roland RS-101
Roland,Roland RS-202 Strings
Roland,Roland RS-50
Roland,Roland RS-505 Paraphonic
Roland,Roland S-10
Roland,Roland S-220
Roland,Roland S-330
Roland,Roland S-50
Roland,Roland S-770
Roland,Roland SC-88
Roland,Roland SH-201
Roland,Roland SH-32
Roland,Roland SH-7
Roland,Roland SonicCell
Roland,Roland SP-808
Roland,Roland SVC-350 Vocoder
Roland,Roland TR-505
Roland,Roland TR-606
Roland,Roland TR-626
Roland,Roland TR-66
Roland,Roland TR-707
Roland,Roland TR-727
Roland,Roland TR-808
Roland,Roland TR-909
Roland,Roland U-110
Roland,Roland U-20
Roland,Roland V-Synth
Roland,Roland VP-550
Roland,Roland VP-770
Roland,Roland VP-9000
Roland,Roland W-30
Roland,Roland XP-10
Roland,Roland XP-30
Roland,Roland XP-50
Roland,Roland XP-60
Roland,Roland XP-80
Roland,Roland XV-3080
Roland,Roland XV-5050
Roland,Roland XV-5080
Seer Systems,Seer Systems Reality
Sequential Circuits,Sequential Circuits DrumTraks
Sequential Circuits,Sequential Circuits Fugue
Sequential Circuits,Sequential Circuits Max
Sequential Circuits,Sequential Circuits MultiTrak
Sequential Circuits,Sequential Circuits Prelude
Sequential Circuits,Sequential Circuits Prophet 10
Sequential Circuits,Sequential Circuits Prophet 2000
Sequential Circuits,Sequential Circuits Prophet 3000
Sequential Circuits,Sequential Circuits Prophet 5
Sequential Circuits,Sequential Circuits Prophet 600
Sequential Circuits,Sequential Circuits Prophet T8
Sequential Circuits,Sequential Circuits Prophet VS
Sequential Circuits,Sequential Circuits Six-Trak
Sequential Circuits,Sequential Circuits Split-8
Sequential Circuits,Sequential Circuits Studio 440
Sequential Circuits,Sequential Circuits TOM
Sherman Electronics,Sherman Electronics FilterBank
Sherman Electronics,Sherman Electronics FilterBank 2
Sherman Electronics,Sherman Electronics Quad Modular Filter
Siel,Siel Cruise
Siel,Siel DK600
Siel,Siel DK70
Siel,Siel DK700
Siel,Siel DK80
Siel,Siel Opera 6
Siel,Siel Orchestra
Solton,Solton K160
SOMA Laboratory,SOMA Laboratory Lyra-8
SOMA Laboratory,SOMA Laboratory Pulsar-23
SoundMaster,SoundMaster Memory Rhythm SR-88
SoundMaster,SoundMaster Stix ST-305
Steinberg,Steinberg HALion
Steinberg,Steinberg LM-4
Steinberg,Steinberg Model E
Steinberg,Steinberg The Grand
Studio Electronics,Studio Electronics Omega8
Suzuki,Suzuki QChord QC-1
Syntauri,Syntauri alphaSyntauri
Synthesizers. com,Synthesizers. com Portable Systems
Synthesizers. com,Synthesizers. com Rack Mount Systems
Synthesizers. com,Synthesizers. com Studio Systems
Technics,Technics SX-WSA1
Technosaurus,Technosaurus Selector
Teisco,Teisco SX-240
Teisco,Teisco SX-400
Teisco,Teisco Synthesizer 110F
Twisted Electrons,Twisted Electrons hapiNES L
Twisted Electrons,Twisted Electrons TherapKid
Twisted Electrons,Twisted Electrons TherapSid MKII
VAZ Synths,VAZ Synths VAZ Modular
Vermona,Vermona Action Filter (AF-1)
Vermona,Vermona DRM-1 mkII
Vermona,Vermona Dual Analog Filter (DAF-1)
Vermona,Vermona Mephisto
Vermona,Vermona Perfourmer
Waldorf,Waldorf Blofeld
Waldorf,Waldorf KB37
Waldorf,Waldorf Micro Q
Waldorf,Waldorf Microwave
Waldorf,Waldorf Microwave II
Waldorf,Waldorf Microwave XT
Waldorf,Waldorf Microwave XTk
Waldorf,Waldorf NW1 Wavetable Module
Waldorf,Waldorf PPG Wave 2.V
Waldorf,Waldorf Pulse
Waldorf,Waldorf Q
Waldorf,Waldorf Quantum
Waldorf,Waldorf STVC
Waldorf,Waldorf Wave
Waldorf,Waldorf X-Pole
Way Out Ware,Way Out Ware TimewARP 2600
Wine Country Sequential,Wine Country Sequential Pro One
Yamaha,Yamaha A3000
Yamaha,Yamaha AN1x
Yamaha,Yamaha AN200
Yamaha,Yamaha CS-40m
Yamaha,Yamaha CS-50
Yamaha,Yamaha CS-60
Yamaha,Yamaha CS-70m
Yamaha,Yamaha CS-80
Yamaha,Yamaha CS1x
Yamaha,Yamaha CS2x
Yamaha,Yamaha CS6x
Yamaha,Yamaha DJX-IIb
Yamaha,Yamaha DX1
Yamaha,Yamaha DX100
Yamaha,Yamaha DX11
Yamaha,Yamaha DX200
Yamaha,Yamaha DX21
Yamaha,Yamaha DX27
Yamaha,Yamaha DX5
Yamaha,Yamaha DX7
Yamaha,Yamaha DX7IID / DX7IIFD
Yamaha,Yamaha DX9
Yamaha,Yamaha EX5
Yamaha,Yamaha EX7
Yamaha,Yamaha FB-01
Yamaha,Yamaha FS1R
Yamaha,Yamaha GS-1
Yamaha,Yamaha GX-1
Yamaha,Yamaha Motif
Yamaha,Yamaha MX49/61/88
Yamaha,Yamaha PortaSound PSS-470
Yamaha,Yamaha Portasound PSS-480
Yamaha,Yamaha QS300
Yamaha,Yamaha QY700 Sequencer
Yamaha,Yamaha RM1x
Yamaha,Yamaha RS7000
Yamaha,Yamaha RX5
Yamaha,Yamaha RX8
Yamaha,Yamaha RY30
Yamaha,Yamaha S30
Yamaha,Yamaha SK20
Yamaha,Yamaha SS30
Yamaha,Yamaha SU10
Yamaha,Yamaha SU200
Yamaha,Yamaha SU700
Yamaha,Yamaha SY-55
Yamaha,Yamaha SY22
Yamaha,Yamaha SY35
Yamaha,Yamaha SY77
Yamaha,Yamaha SY85
Yamaha,Yamaha SY99
Yamaha,Yamaha TG33
Yamaha,Yamaha TG500
Yamaha,Yamaha TG55 Tone Generator
Yamaha,Yamaha TQ5
Yamaha,Yamaha TX16W
Yamaha,Yamaha TX7
Yamaha,Yamaha TX802
Yamaha,Yamaha TX816
Yamaha,Yamaha TX81Z
Yamaha,Yamaha V50
Yamaha,Yamaha VSS-200
Yamaha,Yamaha W7
Yamaha,Yamaha YS200
360 Systems,360 Systems MIDI Bass
Akai,Akai MFC42
Alesis,Alesis airSynth
Alesis,Alesis MMT-8
Aries,Aries 300 Music System
ARP,ARP 2500
ARP,ARP 2600
ARP,ARP Avatar
ARP,ARP Axxe
ARP,ARP Explorer I
ARP,ARP Little Brother
ARP,ARP Pro-Soloist
ARP,ARP Pro/DGX
ARP,ARP Sequencer
ARP,ARP Solus
Arturia,Arturia MatrixBrute
Arturia,Arturia MicroBrute
Arturia,Arturia MiniBrute
Bomb Factory Studios,Bomb Factory Studios Moogerfoogers
BOSS,BOSS HC-2 Hand Clapper
BOSS,BOSS PC-2 Percussion Synthesizer
BOSS,BOSS SYB-3 Bass Synthesizer
BOSS,BOSS SYB-5 Bass Synthesizer
BOSS,BOSS VT-1 Voice Transformer
Buchla,Buchla 100 Series
Buchla,Buchla 200 Series
Casio,Casio VL-Tone VL-1
Chamberlin,Chamberlin Rhythmate
Chimera Synthesis,Chimera Synthesis bC16
Control Synthesis,Control Synthesis Deep Bass Nine
Crumar,Crumar Spirit
Cyclone Analogic,Cyclone Analogic Cyclone Analogic BASS BOTT TT-303 V2
Dave Smith Instruments,Dave Smith Instruments Evolver
Dave Smith Instruments,Dave Smith Instruments Mono Evolver
Dave Smith Instruments,Dave Smith Instruments Mopho
Dave Smith Instruments,Dave Smith Instruments Pro 2
Davoli,Davoli Davolisint
Doepfer,Doepfer Dark Energy
Doepfer,Doepfer Dark Energy III
Doepfer,Doepfer Drehbank
Doepfer,Doepfer MS-404
Dubreq,Dubreq Dubreq Stylophone S2
E-mu,E-mu E-Drum
E-mu,E-mu Modular Systems
EKO,EKO EKOsynth P15
Electrix Pro,Electrix Pro Filter Factory
Electrix Pro,Electrix Pro Warp Factory
Electro Harmonix,Electro Harmonix Mini-Synthesizer
Electronic Dream Plant (EDP),Electronic Dream Plant (EDP) Gnat
Electronic Dream Plant (EDP),Electronic Dream Plant (EDP) Spider
Electronic Dream Plant (EDP),Electronic Dream Plant (EDP) Wasp
Electronic Music Studios (EMS),Electronic Music Studios (EMS) Synthi A
Electronic Music Studios (EMS),Electronic Music Studios (EMS) Synthi Sequencer 256
Electronic Music Studios (EMS),Electronic Music Studios (EMS) VCS3
Electronic Music Studios (EMS),Electronic Music Studios (EMS) Vocoder 2000
Elka,Elka Soloist 505
EML,EML ElectroComp 200
EML,EML ElectroComp 400/401
EML,EML ElectroComp 500
EML,EML SynKey
Encore Electronics,Encore Electronics Knobby
Encore Electronics,Encore Electronics SlideMate
FBT Electronica,FBT Electronica Synther-2000
Frostwave,Frostwave Resonator
Future Retro,Future Retro 777
Future Retro,Future Retro Mobius
Future Retro,Future Retro Revolution
Future Retro,Future Retro XS
Hammond,Hammond 102200
Jen Electronics,Jen Electronics SX-1000 Synthetone
Jen Electronics,Jen Electronics SX-2000 Synthetone
JoMoX,JoMoX M.Brane 11
JoMoX,JoMoX MBase 01
JoMoX,JoMoX MBase 11
KeyFax,KeyFax Phat-Boy
Korg,Korg 770
Korg,Korg M500 Micro-Preset
Korg,Korg microKONTROL
Korg,Korg MiniKorg-700
Korg,Korg Monologue
Korg,Korg Monotribe
Korg,Korg Monotron
Korg,Korg MS-10
Korg,Korg MS-20
Korg,Korg MS-20 mini
Korg,Korg MS-50
Korg,Korg SB-100 Synthe-Bass
Korg,Korg Sigma
Korg,Korg SQ-10 Analog Sequencer
Korg,Korg Volca Bass
Korg,Korg Volca Nubass
Korg,Korg X-911
Ladyada,Ladyada x0xb0x
Logan / Hohner,Logan / Hohner String Melody II
MacBeth Studio Systems,MacBeth Studio Systems M3X
MacBeth Studio Systems,MacBeth Studio Systems M5
Malekko Heavy Industry Corporation,Malekko Heavy Industry Corporation Malekko Heavy Industry Corporation Manther
MAM,MAM FreeBass 383
MAM,MAM MB 33
MAM,MAM VF-11
MAM,MAM WARP 9
Metasonix,Metasonix TS-21 HellFire
Metasonix,Metasonix TS-22 Pentode FilterBank
MidiBox,MidiBox SammichSID
Moog,Moog CP-251 Control Processor
Moog,Moog Etherwave Theremin
Moog,Moog Liberation
Moog,Moog Little Phatty
Moog,Moog MF-101 Lowpass Filter
Moog,Moog MF-102 Ring Modulator
Moog,Moog MF-103 12-Stage Phaser
Moog,Moog MF-104 Analog Delay
Moog,Moog MF-105M MIDI MuRF
Moog,Moog Micromoog
Moog,Moog Minimoog
Moog,Moog Minimoog Voyager
Moog,Moog Minitmoog
Moog,Moog Multimoog
Moog,Moog Prodigy
Moog,Moog Rogue
Moog,Moog Satellite
Moog,Moog Sirin
Moog,Moog Slim Phatty
Moog,Moog Source
Moog,Moog Sub Phatty
Moog,Moog Synthesizer 1c/2c/3c
Moog,Moog Taurus I
Moog,Moog Taurus II
Moog,Moog Vocoder
Multivox,Multivox Firstman SQ-01
Novation,Novation Bass Station
Novation,Novation Bass Station II
Novation,Novation Bass Station Rack
Novation,Novation Circuit Mono Station
Novation,Novation Super Bass Station
Nozoid,Nozoid Nozoid MMO-3
Oberheim,Oberheim Drummer Perf/X Interactive Drum Pattern Sequencer
Oberheim,Oberheim DSX
Oberheim,Oberheim Echoplex Digital Pro
Oberheim,Oberheim Mini Sequencer
Oberheim,Oberheim OB-1
Oberheim,Oberheim OB-Xk
Oberheim,Oberheim Prommer
Oberheim,Oberheim SEM
Oberheim,Oberheim Strummer
Octave,Octave The Kitten
Oxford Synthesiser Company,Oxford Synthesiser Company OSCar
PAiA,PAiA Fatman
PAiA,PAiA Proteus 1
Pittsburgh Modular Synthesizers,Pittsburgh Modular Synthesizers Lifeforms Systems 301
Plankton Electronics,Plankton Electronics The Bumblebee
Powertran,Powertran Transcendent 2000
PPG,PPG 1002
PPG,PPG KX5
Radikal Technologies,Radikal Technologies Delta CEP A
Radikal Technologies,Radikal Technologies Spectralis
Realistic,Realistic Concertmate MG-1
Roland,Roland CMU-810
Roland,Roland GR-500
Roland,Roland JD-XA
Roland,Roland MC-202
Roland,Roland ProMars MRS-2
Roland,Roland RE-201 Space Echo
Roland,Roland Saturn 09
Roland,Roland SH-09
Roland,Roland SH-1
Roland,Roland SH-1000
Roland,Roland SH-101
Roland,Roland SH-2
Roland,Roland SH-2000
Roland,Roland SH-3a
Roland,Roland SH-5
Roland,Roland System 100
Roland,Roland System 100m
Roland,Roland System 700
Roland,Roland TB-303
RSF,RSF Kobol Expander
RSF,RSF Modular Model 11
Sequential Circuits,Sequential Circuits Pro One
Sequential Circuits,Sequential Circuits Prophet Remote
Serge,Serge Modular
Siel,Siel Mono
Sonicsmith,Sonicsmith Modular A1
Soulsby,Soulsby Atmegatron
Spectral Audio,Spectral Audio Cyclus 3
Spectral Audio,Spectral Audio Neptune
Spectral Audio,Spectral Audio ProTone
Spectral Audio,Spectral Audio Syntrack
Steiner-Parker,Steiner-Parker Minicon
Steiner-Parker,Steiner-Parker Synthacon
Steiner-Parker,Steiner-Parker SynthaSystem
Studio Electronics,Studio Electronics ATC-1
Studio Electronics,Studio Electronics ATCX
Studio Electronics,Studio Electronics Boomstar MK2
Studio Electronics,Studio Electronics MidiMini V30
Studio Electronics,Studio Electronics Midimoog
Studio Electronics,Studio Electronics SE-1
Studio Electronics,Studio Electronics Tonestar 8106
Syntecno,Syntecno TeeBee
Synton,Synton Fenix
Synton,Synton Syntovox 222 Vocoder
Synton,Synton Syrinx
TC|Works,TC|Works Mercury-1
Technics,Technics SY-1010
Technosaurus,Technosaurus Cyclodon
Technosaurus,Technosaurus Microcon
Teenage Engineering,Teenage Engineering PO-14 Sub
Teisco,Teisco S100P
Teisco,Teisco Synthesizer 110F
Teisco / Kawai,Teisco / Kawai Synthesizer 100F
Teisco / Kawai,Teisco / Kawai Synthesizer 100F
Triadex,Triadex Muse
Vermona,Vermona M.A.R.S. Monophonic Analog Rack Synthesizer
Vermona,Vermona Synthesizer
Waldorf,Waldorf D-Pole
Waldorf,Waldorf Kyra
Waldorf,Waldorf MiniWorks 4-Pole
Waldorf,Waldorf Pulse 2
Waldorf,Waldorf Rocket Synthesizer
Wave Idea,Wave Idea Bitstream Pro
Wersi,Wersi Bass Synthesizer
Wiard,Wiard Modular Systems
Will Systems,Will Systems MAB-303
Wurlitzer,Wurlitzer Orbit III
Yamaha,Yamaha CS-10
Yamaha,Yamaha CS-15
Yamaha,Yamaha CS-15D
Yamaha,Yamaha CS-20m
Yamaha,Yamaha CS-30
Yamaha,Yamaha CS-5
Yamaha,Yamaha CS01
Yamaha,Yamaha ED10
Yamaha,Yamaha SY-1
Yamaha,Yamaha SY20
Yamaha,Yamaha VL-70m
GR International,GR International Bandmaster Powerhouse
Hammond,Hammond Auto-Vari 64 Drum Machine
Kenton Electronics,Kenton Electronics Control Freak
Kenton Electronics,Kenton Electronics Control Freak Live
Kenton Electronics,Kenton Electronics Control Freak Studio Edition
Kenton Electronics,Kenton Electronics Kenton Electronics Pro-4
Kenton Electronics,Kenton Electronics Pro-2000
Kenton Electronics,Kenton Electronics Pro-DCB
Kenton Electronics,Kenton Electronics Pro-Kadi
Kenton Electronics,Kenton Electronics Pro-Solo
Kenton Electronics,Kenton Electronics Spin Doctor
MFB,MFB MFB Synth Lite 2
Modor,Modor NF-1
Roland,Roland Programmers
Roland,Roland SP-404
Therevox,Therevox ET-4.3
Waldorf,Waldorf Streichfett
Welson,Welson Syntex
